state,County2,pop
AK,Aleutians East,2464
AK,Aleutians West,4035
AK,Anchorage,225212
AK,Bethel,13665
AK,Bristol Bay,929
AK,Denali,2034
AK,Dillingham,4012
AK,Fairbanks North Star,77761
AK,Haines,2246
AK,Juneau,26749
AK,Kenai Peninsula,42009
AK,Ketchikan Gateway,14308
AK,Kodiak Island,13309
AK,Lake And Peninsula,2166
AK,Matanuska Susitna,39654
AK,Nome,8288
AK,North Slope,5979
AK,Northwest Arctic,6113
AK,Prince Wales Ketchikan,5895
AK,Sitka,8638
AK,Skagway Hoonah Angoon,3622
AK,Southeast Fairbanks,5916
AK,Valdez Cordova,9952
AK,Wade Hampton,5791
AK,Wrangell Petersburg,6826
AK,Yakutat,705
AK,Yukon Koyukuk,6420
AL,Autauga,36106
AL,Baldwin,98280
AL,Barbour,22752
AL,Bibb,16713
AL,Blount,32929
AL,Bullock,11956
AL,Butler,21898
AL,Calhoun,117913
AL,Chambers,35629
AL,Cherokee,19348
AL,Chilton,31936
AL,Choctaw,16287
AL,Clarke,27240
AL,Clay,11927
AL,Cleburne,12011
AL,Coffee,42613
AL,Colbert,48199
AL,Conecuh,13910
AL,Coosa,9586
AL,Covington,37128
AL,Crenshaw,13629
AL,Cullman,65449
AL,Dale,44662
AL,Dallas,49430
AL,De Kalb,54645
AL,Elmore,52635
AL,Escambia,35012
AL,Etowah,97193
AL,Fayette,16314
AL,Franklin,30422
AL,Geneva,22823
AL,Greene,10153
AL,Hale,15498
AL,Henry,14039
AL,Houston,86084
AL,Jackson,48434
AL,Jefferson,659319
AL,Lamar,17097
AL,Lauderdale,79661
AL,Lawrence,32858
AL,Lee,86783
AL,Limestone,51038
AL,Lowndes,11271
AL,Macon,24084
AL,Madison,242009
AL,Marengo,23089
AL,Marion,30973
AL,Marshall,80333
AL,Mobile,378643
AL,Monroe,23959
AL,Montgomery,209410
AL,Morgan,101152
AL,Perry,12648
AL,Pickens,19317
AL,Pike,27591
AL,Randolph,19552
AL,Russell,47925
AL,Saint Clair,49672
AL,Shelby,91056
AL,Sumter,15900
AL,Talladega,75280
AL,Tallapoosa,34554
AL,Tuscaloosa,145738
AL,Walker,73899
AL,Washington,16430
AL,Wilcox,13465
AL,Winston,22053
AR,Arkansas,20802
AR,Ashley,24319
AR,Baxter,30807
AR,Benton,96028
AR,Boone,28344
AR,Bradley,11793
AR,Calhoun,5826
AR,Carroll,18651
AR,Chicot,16241
AR,Clark,21695
AR,Clay,18107
AR,Cleburne,19400
AR,Cleveland,7767
AR,Columbia,25691
AR,Conway,19151
AR,Craighead,68953
AR,Crawford,43231
AR,Crittenden,50002
AR,Cross,18877
AR,Dallas,9614
AR,Desha,17537
AR,Drew,16107
AR,Faulkner,59782
AR,Franklin,14159
AR,Fulton,9929
AR,Garland,74276
AR,Grant,13687
AR,Greene,31804
AR,Hempstead,21624
AR,Hot Spring,25855
AR,Howard,13569
AR,Independence,31201
AR,Izard,11743
AR,Jackson,18213
AR,Jefferson,85723
AR,Johnson,18221
AR,Lafayette,10309
AR,Lawrence,18076
AR,Lee,12150
AR,Lincoln,14314
AR,Little River,13966
AR,Logan,20557
AR,Lonoke,42602
AR,Madison,11618
AR,Marion,11721
AR,Miller,7330
AR,Mississippi,57525
AR,Monroe,11333
AR,Montgomery,7841
AR,Nevada,10098
AR,Newton,7405
AR,Ouachita,30574
AR,Perry,8285
AR,Phillips,29741
AR,Pike,10086
AR,Poinsett,24667
AR,Polk,17581
AR,Pope,45883
AR,Prairie,9518
AR,Pulaski,358436
AR,Randolph,16558
AR,Saint Francis,28497
AR,Saline,50636
AR,Scott,11105
AR,Searcy,7841
AR,Sebastian,98456
AR,Sevier,13637
AR,Sharp,13589
AR,Stone,9775
AR,Union,46719
AR,Van Buren,14020
AR,Washington,114880
AR,White,55406
AR,Woodruff,9520
AR,Yell,17759
AZ,Apache,61334
AZ,Cochise,99540
AZ,Coconino,106423
AZ,Gila,42692
AZ,Graham,22358
AZ,Greenlee,8008
AZ,La Paz,13707
AZ,Maricopa,2113629
AZ,Mohave,93499
AZ,Navajo,77874
AZ,Pima,665766
AZ,Pinal,121905
AZ,Santa Cruz,30943
AZ,Yavapai,97890
AZ,Yuma,107045
CA,Alameda,1279365
CA,Alpine,850
CA,Amador,30435
CA,Butte,182511
CA,Calaveras,32199
CA,Colusa,16643
CA,Contra Costa,803791
CA,Del Norte,23460
CA,El Dorado,116658
CA,Fresno,672666
CA,Glenn,24889
CA,Humboldt,116178
CA,Imperial,106639
CA,Inyo,19701
CA,Kern,543216
CA,Kings,100615
CA,Lake,50584
CA,Lassen,27523
CA,Los Angeles,8862251
CA,Madera,87335
CA,Marin,228210
CA,Mariposa,13309
CA,Mendocino,79351
CA,Merced,179370
CA,Modoc,8081
CA,Mono,8251
CA,Monterey,319001
CA,Napa,102882
CA,Nevada,78872
CA,Orange,1736205
CA,Placer,171617
CA,Plumas,18106
CA,Riverside,1031632
CA,Sacramento,1050125
CA,San Benito,35536
CA,San Bernardino,1411922
CA,San Diego,2491270
CA,San Francisco,723993
CA,San Joaquin,480396
CA,San Luis Obispo,216690
CA,San Mateo,663327
CA,Santa Barbara,368577
CA,Santa Clara,1488196
CA,Santa Cruz,238231
CA,Shasta,152743
CA,Sierra,2875
CA,Siskiyou,44316
CA,Solano,349411
CA,Sonoma,390108
CA,Stanislaus,371549
CA,Sutter,63571
CA,Tehama,45605
CA,Trinity,11746
CA,Tulare,309062
CA,Tuolumne,47916
CA,Ventura,665661
CA,Yolo,141081
CA,Yuba,58946
CO,Adams,273419
CO,Alamosa,13244
CO,Arapahoe,355785
CO,Archuleta,5345
CO,Baca,4556
CO,Bent,5048
CO,Boulder,241742
CO,Chaffee,13397
CO,Cheyenne,2397
CO,Clear Creek,5113
CO,Conejos,7557
CO,Costilla,2044
CO,Crowley,3798
CO,Custer,1926
CO,Delta,21298
CO,Denver,497300
CO,Dolores,1504
CO,Douglas,61924
CO,Eagle,20868
CO,El Paso,396383
CO,Elbert,8710
CO,Fremont,31161
CO,Garfield,33909
CO,Gilpin,894
CO,Grand,7966
CO,Gunnison,10025
CO,Hinsdale,467
CO,Huerfano,6009
CO,Jackson,1605
CO,Jefferson,429209
CO,Kiowa,422
CO,Kit Carson,7140
CO,La Plata,32169
CO,Lake,5939
CO,Larimer,185236
CO,Las Animas,13787
CO,Lincoln,4355
CO,Logan,17415
CO,Mesa,93145
CO,Mineral,558
CO,Moffat,11357
CO,Montezuma,18787
CO,Montrose,24453
CO,Morgan,21867
CO,Otero,20526
CO,Ouray,1985
CO,Park,6522
CO,Phillips,4297
CO,Pitkin,10134
CO,Prowers,13091
CO,Pueblo,122836
CO,Rio Blanco,5834
CO,Rio Grande,9554
CO,Routt,14088
CO,Saguache,6104
CO,San Juan,745
CO,San Miguel,3653
CO,Sedgwick,2690
CO,Summit,12881
CO,Teller,12427
CO,Washington,4928
CO,Weld,128650
CO,Yuma,8954
CT,Fairfield,827644
CT,Hartford,853245
CT,Litchfield,172649
CT,Middlesex,142474
CT,New Haven,804192
CT,New London,255896
CT,Tolland,129970
CT,Windham,101046
DC,District Of Columbia,606900
DE,Kent,108460
DE,New Castle,438123
DE,Sussex,119585
FL,Alachua,183995
FL,Baker,18486
FL,Bay,127275
FL,Bradford,21634
FL,Brevard,399023
FL,Broward,1255491
FL,Calhoun,10690
FL,Charlotte,101904
FL,Clay,103818
FL,Columbia,41752
FL,Dixie,10146
FL,Duval,673505
FL,Escambia,259886
FL,Flagler,27727
FL,Franklin,8538
FL,Gadsden,41105
FL,Gilchrist,9371
FL,Glades,4724
FL,Gulf,11504
FL,Hamilton,11236
FL,Hardee,19613
FL,Hendry,25773
FL,Hernando,98905
FL,Highlands,68135
FL,Hillsborough,842393
FL,Holmes,14623
FL,Indian River,90201
FL,Jackson,42068
FL,Jefferson,10987
FL,Lafayette,5042
FL,Lake,154191
FL,Lee,316368
FL,Leon,192493
FL,Levy,20500
FL,Liberty,5569
FL,Madison,17348
FL,Manatee,215877
FL,Marion,41385
FL,Martin,97221
FL,Miami-dade,1937233
FL,Monroe,77768
FL,Nassau,43941
FL,Okaloosa,149441
FL,Okeechobee,33077
FL,Orange,701022
FL,Osceola,106863
FL,Palm Beach,867727
FL,Pasco,275478
FL,Pinellas,476562
FL,Polk,406006
FL,Putnam,68192
FL,Saint Johns,83829
FL,Saint Lucie,149600
FL,Santa Rosa,84520
FL,Sarasota,282625
FL,Seminole,251600
FL,Sumter,30031
FL,Suwannee,26502
FL,Taylor,17080
FL,Union,10252
FL,Volusia,373507
FL,Wakulla,14631
FL,Walton,21279
FL,Washington,18237
GA,Appling,15742
GA,Atkinson,6206
GA,Bacon,9566
GA,Baker,3615
GA,Baldwin,39173
GA,Banks,11374
GA,Barrow,22920
GA,Bartow,52854
GA,Ben Hill,16245
GA,Berrien,14153
GA,Bibb,160519
GA,Bleckley,11373
GA,Brantley,10855
GA,Brooks,13801
GA,Bryan,15335
GA,Bulloch,43134
GA,Burke,16856
GA,Butts,16686
GA,Calhoun,5013
GA,Camden,30167
GA,Candler,7744
GA,Carroll,72903
GA,Catoosa,40167
GA,Charlton,8496
GA,Chatham,217029
GA,Chattahoochee,2290
GA,Chattooga,22518
GA,Cherokee,76585
GA,Clarke,88911
GA,Clay,3364
GA,Clayton,125409
GA,Clinch,6160
GA,Cobb,377240
GA,Coffee,30930
GA,Colquitt,36675
GA,Columbia,32644
GA,Cook,13426
GA,Coweta,52214
GA,Crawford,12050
GA,Crisp,20011
GA,Dade,12552
GA,Dawson,10196
GA,Decatur,25511
GA,Dekalb,515333
GA,Dodge,16664
GA,Dooly,9901
GA,Dougherty,99440
GA,Douglas,56919
GA,Early,11857
GA,Echols,1269
GA,Effingham,25688
GA,Elbert,18956
GA,Emanuel,21922
GA,Evans,8724
GA,Fannin,15825
GA,Fayette,58948
GA,Floyd,80048
GA,Franklin,20161
GA,Fulton,709278
GA,Gilmer,12136
GA,Glascock,2357
GA,Glynn,62496
GA,Gordon,33292
GA,Grady,19822
GA,Greene,11363
GA,Gwinnett,110064
GA,Habersham,27563
GA,Hall,93311
GA,Hancock,8908
GA,Haralson,23384
GA,Harris,13084
GA,Hart,16968
GA,Heard,7230
GA,Henry,60732
GA,Houston,88162
GA,Irwin,8649
GA,Jackson,30634
GA,Jasper,7745
GA,Jeff Davis,12034
GA,Jefferson,18519
GA,Jenkins,8249
GA,Johnson,6951
GA,Jones,9974
GA,Lamar,13384
GA,Lanier,5531
GA,Laurens,39986
GA,Lee,16211
GA,Liberty,52808
GA,Lincoln,7028
GA,Long,6139
GA,Lowndes,77046
GA,Lumpkin,15003
GA,Macon,13043
GA,Madison,23384
GA,Marion,5590
GA,Mcduffie,20119
GA,Mcintosh,8634
GA,Meriwether,22411
GA,Miller,6277
GA,Mitchell,20275
GA,Monroe,12147
GA,Montgomery,7163
GA,Morgan,12238
GA,Murray,26150
GA,Muscogee,196265
GA,Oconee,18588
GA,Oglethorpe,6312
GA,Paulding,34731
GA,Peach,22232
GA,Pickens,15677
GA,Pierce,13328
GA,Pike,10724
GA,Polk,34358
GA,Pulaski,9154
GA,Putnam,13086
GA,Quitman,2265
GA,Rabun,11648
GA,Randolph,7967
GA,Richmond,225720
GA,Schley,3599
GA,Screven,13841
GA,Seminole,9010
GA,Spalding,53247
GA,Stephens,23403
GA,Stewart,5654
GA,Sumter,30217
GA,Talbot,6580
GA,Taliaferro,1915
GA,Tattnall,17723
GA,Taylor,7713
GA,Telfair,11000
GA,Terrell,10692
GA,Thomas,41040
GA,Tift,34998
GA,Toombs,24071
GA,Towns,6754
GA,Treutlen,5996
GA,Troup,57958
GA,Turner,8703
GA,Twiggs,9876
GA,Union,12160
GA,Upson,24446
GA,Walker,58042
GA,Walton,19436
GA,Ware,34362
GA,Warren,6078
GA,Washington,19112
GA,Wayne,22356
GA,Webster,2263
GA,Wheeler,4903
GA,White,13009
GA,Whitfield,74759
GA,Wilcox,7008
GA,Wilkes,11129
GA,Wilkinson,11385
GA,Worth,16616
HI,Hawaii,120317
HI,Honolulu,836231
HI,Kauai,51177
HI,Maui,100504
IA,Adair,8479
IA,Adams,3571
IA,Allamakee,12361
IA,Appanoose,13180
IA,Audubon,7334
IA,Benton,22429
IA,Black Hawk,123111
IA,Boone,24102
IA,Bremer,23498
IA,Buchanan,20844
IA,Buena Vista,20445
IA,Butler,17619
IA,Calhoun,11316
IA,Carroll,21654
IA,Cass,15128
IA,Cedar,17717
IA,Cerro Gordo,46733
IA,Cherokee,14098
IA,Chickasaw,13295
IA,Clarke,7562
IA,Clay,17105
IA,Clayton,21396
IA,Clinton,50380
IA,Crawford,16775
IA,Dallas,30209
IA,Davis,8312
IA,Decatur,8226
IA,Delaware,17184
IA,Des Moines,42201
IA,Dickinson,14909
IA,Dubuque,88459
IA,Emmet,11569
IA,Fayette,21845
IA,Floyd,16118
IA,Franklin,10017
IA,Fremont,8658
IA,Greene,9814
IA,Grundy,11405
IA,Guthrie,11556
IA,Hamilton,16071
IA,Hancock,12017
IA,Hardin,19707
IA,Harrison,14730
IA,Henry,19871
IA,Howard,10676
IA,Humboldt,10756
IA,Ida,8365
IA,Iowa,14540
IA,Jackson,19176
IA,Jasper,33373
IA,Jefferson,15524
IA,Johnson,96119
IA,Jones,17718
IA,Keokuk,11515
IA,Kossuth,18591
IA,Lee,38676
IA,Linn,168767
IA,Louisa,11592
IA,Lucas,9315
IA,Lyon,11952
IA,Madison,12483
IA,Mahaska,21182
IA,Marion,30001
IA,Marshall,38276
IA,Mills,13148
IA,Mitchell,10061
IA,Monona,10034
IA,Monroe,8114
IA,Montgomery,11698
IA,Muscatine,39907
IA,Obrien,15439
IA,Osceola,7267
IA,Page,16870
IA,Palo Alto,10383
IA,Plymouth,23388
IA,Pocahontas,9525
IA,Polk,326080
IA,Pottawattamie,83569
IA,Poweshiek,20327
IA,Ringgold,5044
IA,Sac,12324
IA,Scott,150643
IA,Shelby,12289
IA,Sioux,29908
IA,Story,75246
IA,Tama,17095
IA,Taylor,7168
IA,Union,12656
IA,Van Buren,7676
IA,Wapello,36028
IA,Warren,37454
IA,Washington,19911
IA,Wayne,6934
IA,Webster,40342
IA,Winnebago,12743
IA,Winneshiek,19994
IA,Woodbury,97829
IA,Worth,7991
IA,Wright,14641
ID,Ada,207046
ID,Adams,3252
ID,Bannock,65482
ID,Bear Lake,5794
ID,Benewah,8302
ID,Bingham,38803
ID,Blaine,13552
ID,Boise,3505
ID,Bonner,26388
ID,Bonneville,71519
ID,Boundary,8332
ID,Butte,2906
ID,Camas,727
ID,Canyon,89483
ID,Caribou,7047
ID,Cassia,19369
ID,Clark,762
ID,Clearwater,8793
ID,Custer,4310
ID,Elmore,21217
ID,Franklin,9232
ID,Fremont,10937
ID,Gem,11721
ID,Gooding,11704
ID,Idaho,12334
ID,Jefferson,17091
ID,Jerome,15138
ID,Kootenai,69664
ID,Latah,31217
ID,Lemhi,6722
ID,Lewis,4941
ID,Lincoln,3308
ID,Madison,23674
ID,Minidoka,19361
ID,Nez Perce,32890
ID,Oneida,3323
ID,Owyhee,8574
ID,Payette,15689
ID,Power,6466
ID,Shoshone,13931
ID,Teton,3439
ID,Twin Falls,53509
ID,Valley,6111
ID,Washington,8550
IL,Adams,65830
IL,Alexander,10624
IL,Bond,16531
IL,Boone,30355
IL,Brown,5733
IL,Bureau,35067
IL,Calhoun,4481
IL,Carroll,16714
IL,Cass,13708
IL,Champaign,165625
IL,Christian,33518
IL,Clark,18834
IL,Clay,14759
IL,Clinton,27667
IL,Coles,51337
IL,Cook,4877274
IL,Crawford,19733
IL,Cumberland,8856
IL,De Kalb,79174
IL,Dewitt,16516
IL,Douglas,22270
IL,Du Page,799934
IL,Edgar,17787
IL,Edwards,6233
IL,Effingham,33529
IL,Fayette,19019
IL,Ford,13872
IL,Franklin,40550
IL,Fulton,38690
IL,Gallatin,7036
IL,Greene,15163
IL,Grundy,34925
IL,Hamilton,8815
IL,Hancock,22355
IL,Hardin,5189
IL,Henderson,7521
IL,Henry,50629
IL,Iroquois,32611
IL,Jackson,61508
IL,Jasper,9636
IL,Jefferson,37020
IL,Jersey,24821
IL,Jo Daviess,21363
IL,Johnson,12034
IL,Kane,329385
IL,Kankakee,94410
IL,Kendall,43073
IL,Knox,56053
IL,La Salle,106148
IL,Lake,549182
IL,Lawrence,16074
IL,Lee,36482
IL,Livingston,35531
IL,Logan,30285
IL,Macon,117206
IL,Macoupin,42306
IL,Madison,252656
IL,Marion,48683
IL,Marshall,13717
IL,Mason,16269
IL,Massac,14752
IL,Mcdonough,34923
IL,Mchenry,184767
IL,Mclean,130067
IL,Menard,11164
IL,Mercer,18444
IL,Monroe,22422
IL,Montgomery,30565
IL,Morgan,36930
IL,Moultrie,12317
IL,Ogle,44334
IL,Peoria,180736
IL,Perry,20561
IL,Piatt,14740
IL,Pike,17925
IL,Pope,4373
IL,Pulaski,7100
IL,Putnam,5885
IL,Randolph,35546
IL,Richland,16545
IL,Rock Island,149120
IL,Saint Clair,259441
IL,Sainte Genevieve,130
IL,Saline,27387
IL,Sangamon,177228
IL,Schuyler,7095
IL,Scott,5010
IL,Shelby,23103
IL,Stark,10329
IL,Stephenson,49128
IL,Tazewell,126297
IL,Union,18044
IL,Vermilion,88736
IL,Wabash,13111
IL,Warren,17347
IL,Washington,12994
IL,Wayne,17126
IL,White,18006
IL,Whiteside,60954
IL,Will,314530
IL,Williamson,54576
IL,Winnebago,252516
IL,Woodford,27129
IN,Adams,30195
IN,Allen,296148
IN,Bartholomew,64278
IN,Benton,9745
IN,Blackford,13515
IN,Boone,34973
IN,Brown,13944
IN,Carroll,15059
IN,Cass,39063
IN,Clark,90595
IN,Clay,24265
IN,Clinton,31335
IN,Crawford,10217
IN,Daviess,26901
IN,De Kalb,35457
IN,Dearborn,39154
IN,Decatur,23704
IN,Delaware,119659
IN,Dubois,36999
IN,Elkhart,156141
IN,Fayette,25652
IN,Floyd,60531
IN,Fountain,17816
IN,Franklin,16447
IN,Fulton,18842
IN,Gibson,30968
IN,Grant,75847
IN,Greene,31720
IN,Hamilton,108574
IN,Hancock,44379
IN,Harrison,31957
IN,Hendricks,70868
IN,Henry,47324
IN,Howard,81659
IN,Huntington,36315
IN,Jackson,37730
IN,Jasper,28570
IN,Jay,23897
IN,Jefferson,28596
IN,Jennings,23467
IN,Johnson,89397
IN,Knox,39884
IN,Kosciusko,64024
IN,La Porte,109849
IN,Lagrange,29970
IN,Lake,478921
IN,Lawrence,43168
IN,Madison,135141
IN,Marion,804580
IN,Marshall,41002
IN,Martin,11001
IN,Miami,35866
IN,Monroe,106948
IN,Montgomery,34436
IN,Morgan,53788
IN,Newton,9960
IN,Noble,39092
IN,Ohio,4500
IN,Orange,16776
IN,Owen,18048
IN,Parke,15007
IN,Perry,17829
IN,Pike,12509
IN,Porter,122797
IN,Posey,24698
IN,Pulaski,12643
IN,Putnam,30315
IN,Randolph,26977
IN,Ripley,28501
IN,Rush,19206
IN,Scott,22630
IN,Shelby,39475
IN,Spencer,21057
IN,St Joseph,249459
IN,Starke,22753
IN,Steuben,26689
IN,Sullivan,19328
IN,Switzerland,7634
IN,Tippecanoe,130612
IN,Tipton,14666
IN,Union,6976
IN,Vanderburgh,165800
IN,Vermillion,16773
IN,Vigo,104586
IN,Wabash,35462
IN,Warren,7858
IN,Warrick,45466
IN,Washington,23542
IN,Wayne,71946
IN,Wells,25059
IN,White,26559
IN,Whitley,29365
KS,Allen,14638
KS,Anderson,7803
KS,Atchison,16934
KS,Barber,5874
KS,Barton,28842
KS,Bourbon,15075
KS,Brown,11265
KS,Butler,48821
KS,Chase,2843
KS,Chautauqua,4407
KS,Cherokee,20782
KS,Cheyenne,3243
KS,Clark,2418
KS,Clay,9062
KS,Cloud,10862
KS,Coffey,8657
KS,Comanche,2313
KS,Cowley,36915
KS,Crawford,36092
KS,Decatur,3855
KS,Dickinson,18583
KS,Doniphan,7707
KS,Douglas,81915
KS,Edwards,3670
KS,Elk,2998
KS,Ellis,26004
KS,Ellsworth,6586
KS,Finney,32744
KS,Ford,26469
KS,Franklin,21877
KS,Geary,30453
KS,Gove,3231
KS,Graham,3543
KS,Grant,7159
KS,Gray,5396
KS,Greeley,1774
KS,Greenwood,8044
KS,Hamilton,2388
KS,Harper,7124
KS,Harvey,36515
KS,Haskell,4245
KS,Hodgeman,2177
KS,Jackson,11525
KS,Jefferson,15300
KS,Jewell,4251
KS,Johnson,354039
KS,Kearny,4027
KS,Kingman,8187
KS,Kiowa,3777
KS,Labette,23302
KS,Lane,2142
KS,Leavenworth,64378
KS,Lincoln,3653
KS,Linn,7947
KS,Logan,2838
KS,Lyon,34732
KS,Marion,13066
KS,Marshall,11365
KS,Mcpherson,27268
KS,Meade,4247
KS,Miami,23664
KS,Mitchell,7203
KS,Montgomery,39555
KS,Morris,5938
KS,Morton,3480
KS,Nemaha,10416
KS,Neosho,16887
KS,Ness,4033
KS,Norton,5763
KS,Osage,14995
KS,Osborne,4867
KS,Ottawa,5213
KS,Pawnee,7555
KS,Phillips,6590
KS,Pottawatomie,14368
KS,Pratt,9702
KS,Rawlins,3404
KS,Reno,62129
KS,Republic,6482
KS,Rice,10610
KS,Riley,68902
KS,Rooks,5561
KS,Rush,3657
KS,Russell,7835
KS,Saline,47650
KS,Scott,4476
KS,Sedgwick,396772
KS,Seward,18384
KS,Shawnee,161579
KS,Sheridan,2895
KS,Sherman,6926
KS,Smith,4987
KS,Stafford,5116
KS,Stanton,2333
KS,Stevens,5048
KS,Sumner,28810
KS,Thomas,8145
KS,Trego,3694
KS,Wabaunsee,6600
KS,Wallace,1821
KS,Washington,7073
KS,Wichita,2758
KS,Wilson,10289
KS,Woodson,4116
KS,Wyandotte,163001
KY,Adair,14097
KY,Allen,13917
KY,Anderson,13485
KY,Ballard,10522
KY,Barren,32407
KY,Bath,9595
KY,Bell,31486
KY,Boone,59938
KY,Bourbon,18722
KY,Boyd,52682
KY,Boyle,25977
KY,Bracken,7778
KY,Breathitt,11079
KY,Breckinridge,13109
KY,Bullitt,36932
KY,Butler,10504
KY,Caldwell,13293
KY,Calloway,31044
KY,Campbell,83076
KY,Carlisle,5238
KY,Carroll,9292
KY,Carter,21173
KY,Casey,11766
KY,Christian,67525
KY,Clark,29149
KY,Clay,21751
KY,Clinton,8582
KY,Crittenden,8733
KY,Cumberland,5323
KY,Daviess,87148
KY,Edmonson,6691
KY,Elliott,6209
KY,Estill,14147
KY,Fayette,227262
KY,Fleming,12292
KY,Floyd,37241
KY,Franklin,46563
KY,Fulton,9631
KY,Gallatin,5393
KY,Garrard,12025
KY,Grant,15737
KY,Graves,34261
KY,Grayson,21962
KY,Green,9249
KY,Greenup,34564
KY,Hancock,9685
KY,Hardin,99348
KY,Harlan,35443
KY,Harrison,15458
KY,Hart,13302
KY,Henderson,42651
KY,Henry,13536
KY,Hickman,4597
KY,Hopkins,46968
KY,Jackson,11686
KY,Jefferson,679330
KY,Jessamine,28773
KY,Johnson,21752
KY,Kenton,139682
KY,Knott,15417
KY,Knox,22082
KY,Larue,11829
KY,Laurel,43471
KY,Lawrence,14005
KY,Lee,7067
KY,Leslie,11467
KY,Letcher,24806
KY,Lewis,12985
KY,Lincoln,23643
KY,Livingston,9062
KY,Logan,24028
KY,Lyon,6624
KY,Madison,55940
KY,Magoffin,11087
KY,Marion,16376
KY,Marshall,26896
KY,Martin,12234
KY,Mason,16666
KY,Mccracken,59157
KY,Mccreary,15315
KY,Mclean,9624
KY,Meade,14928
KY,Menifee,4238
KY,Mercer,19411
KY,Metcalfe,9214
KY,Monroe,12163
KY,Montgomery,19545
KY,Morgan,8269
KY,Muhlenberg,29582
KY,Nelson,30130
KY,Nicholas,7208
KY,Ohio,19654
KY,Oldham,30841
KY,Owen,8588
KY,Owsley,4531
KY,Pendleton,12814
KY,Perry,30915
KY,Pike,70251
KY,Powell,11692
KY,Pulaski,46433
KY,Robertson,2124
KY,Rockcastle,10981
KY,Rowan,20355
KY,Russell,14709
KY,Scott,25117
KY,Shelby,21108
KY,Simpson,14684
KY,Spencer,7645
KY,Taylor,19995
KY,Todd,12216
KY,Trigg,11337
KY,Trimble,5894
KY,Union,18905
KY,Warren,80638
KY,Washington,10351
KY,Wayne,13523
KY,Webster,12404
KY,Whitley,39452
KY,Wolfe,6871
KY,Woodford,20283
LA,Acadia,58168
LA,Allen,21746
LA,Ascension,58214
LA,Assumption,20615
LA,Avoyelles,38109
LA,Beauregard,30721
LA,Bienville,15844
LA,Bossier,85433
LA,Caddo,248387
LA,Calcasieu,169279
LA,Caldwell,9151
LA,Cameron,9064
LA,Catahoula,9598
LA,Claiborne,16639
LA,Concordia,21854
LA,De Soto,25412
LA,East Baton Rouge,380105
LA,East Carroll,9728
LA,East Feliciana,21110
LA,Evangeline,29342
LA,Franklin,21252
LA,Grant,17925
LA,Iberia,70282
LA,Iberville,30988
LA,Jackson,17231
LA,Jefferson,448307
LA,Jefferson Davis,27763
LA,La Salle,14148
LA,Lafayette,166777
LA,Lafourche,83557
LA,Lincoln,42604
LA,Livingston,70061
LA,Madison,12354
LA,Morehouse,31955
LA,Natchitoches,37132
LA,Orleans,496937
LA,Ouachita,139856
LA,Plaquemines,25575
LA,Pointe Coupee,22554
LA,Rapides,130229
LA,Red River,9566
LA,Richland,21591
LA,Sabine,22648
LA,Saint Bernard,66631
LA,Saint Charles,42437
LA,Saint Helena,4277
LA,Saint James,20879
LA,Saint Landry,87776
LA,Saint Martin,39186
LA,Saint Mary,57026
LA,Saint Tammany,144508
LA,St John The Baptist,39996
LA,Tangipahoa,91771
LA,Tensas,6553
LA,Terrebonne,99751
LA,Union,21731
LA,Vermilion,47976
LA,Vernon,62353
LA,Washington,43185
LA,Webster,42568
LA,West Baton Rouge,19466
LA,West Carroll,12093
LA,West Feliciana,11016
LA,Winn,14538
MA,Barnstable,188465
MA,Berkshire,138666
MA,Bristol,506322
MA,Dukes,11639
MA,Essex,670028
MA,Franklin,69898
MA,Hampden,456756
MA,Hampshire,147002
MA,Middlesex,1115523
MA,Nantucket,6012
MA,Norfolk,507549
MA,Plymouth,340628
MA,Suffolk,653273
MA,Worcester,701225
MD,Allegany,76898
MD,Anne Arundel,445215
MD,Baltimore,682242
MD,Baltimore City,733080
MD,Calvert,53296
MD,Caroline,27121
MD,Carroll,123943
MD,Cecil,71350
MD,Charles,100087
MD,Dorchester,30232
MD,Frederick,155801
MD,Garrett,26186
MD,Harford,180355
MD,Howard,164948
MD,Kent,20851
MD,Montgomery,769296
MD,Prince Georges,712676
MD,Queen Annes,30577
MD,Saint Marys,77572
MD,Somerset,20870
MD,Talbot,30301
MD,Washington,120986
MD,Wicomico,74339
MD,Worcester,36902
ME,Androscoggin,105364
ME,Aroostook,85547
ME,Cumberland,245598
ME,Franklin,28591
ME,Hancock,44089
ME,Kennebec,112332
ME,Knox,36321
ME,Lincoln,31347
ME,Oxford,52815
ME,Penobscot,146053
ME,Piscataquis,17867
ME,Sagadahoc,32251
ME,Somerset,50109
ME,Waldo,33019
ME,Washington,35185
ME,York,161818
MI,Alcona,9930
MI,Alger,8684
MI,Allegan,78581
MI,Alpena,29925
MI,Antrim,15003
MI,Arenac,14300
MI,Baraga,6649
MI,Barry,42145
MI,Bay,110001
MI,Benzie,11242
MI,Berrien,170308
MI,Branch,44143
MI,Calhoun,135279
MI,Cass,39527
MI,Charlevoix,22879
MI,Cheboygan,20796
MI,Chippewa,34635
MI,Clare,28093
MI,Clinton,44758
MI,Crawford,11558
MI,Delta,38453
MI,Dickinson,27040
MI,Eaton,100970
MI,Emmet,25620
MI,Genesee,443207
MI,Gladwin,23506
MI,Gogebic,18052
MI,Grand Traverse,70089
MI,Gratiot,41135
MI,Hillsdale,39319
MI,Houghton,36216
MI,Huron,35250
MI,Ingham,292975
MI,Ionia,57857
MI,Iosco,30305
MI,Iron,13175
MI,Isabella,56335
MI,Jackson,150748
MI,Kalamazoo,220012
MI,Kalkaska,11555
MI,Kent,510243
MI,Keweenaw,1701
MI,Lake,10061
MI,Lapeer,72489
MI,Leelanau,13158
MI,Lenawee,93220
MI,Livingston,94777
MI,Luce,5763
MI,Mackinac,10429
MI,Macomb,721164
MI,Manistee,22779
MI,Marquette,65275
MI,Mason,20333
MI,Mecosta,37306
MI,Menominee,24220
MI,Midland,63609
MI,Missaukee,12147
MI,Monroe,141635
MI,Montcalm,58219
MI,Montmorency,9528
MI,Muskegon,159149
MI,Newaygo,33431
MI,Oakland,1079317
MI,Oceana,24753
MI,Ogemaw,20284
MI,Ontonagon,8854
MI,Osceola,21683
MI,Oscoda,6552
MI,Otsego,18008
MI,Ottawa,193182
MI,Presque Isle,14143
MI,Roscommon,22106
MI,Saginaw,213712
MI,Saint Clair,141350
MI,Saint Joseph,59477
MI,Sanilac,39798
MI,Schoolcraft,8304
MI,Shiawassee,70363
MI,Tuscola,57647
MI,Van Buren,73450
MI,Washtenaw,273094
MI,Wayne,2123957
MI,Wexford,27389
MN,Aitkin,12425
MN,Anoka,233582
MN,Becker,27881
MN,Beltrami,35812
MN,Benton,24724
MN,Big Stone,6273
MN,Blue Earth,54174
MN,Brown,26836
MN,Carlton,30166
MN,Carver,43969
MN,Cass,20228
MN,Chippewa,12588
MN,Chisago,36902
MN,Clay,50422
MN,Clearwater,8103
MN,Cook,3868
MN,Cottonwood,12061
MN,Crow Wing,44178
MN,Dakota,272383
MN,Dodge,14336
MN,Douglas,28923
MN,Faribault,16537
MN,Fillmore,22205
MN,Freeborn,32623
MN,Goodhue,43059
MN,Grant,6246
MN,Hennepin,1036069
MN,Houston,19703
MN,Hubbard,12532
MN,Isanti,25921
MN,Itasca,39135
MN,Jackson,10822
MN,Kanabec,11795
MN,Kandiyohi,38255
MN,Kittson,5767
MN,Koochiching,16856
MN,Lac Qui Parle,8324
MN,Lake,10030
MN,Lake Of The Woods,3393
MN,Le Sueur,26560
MN,Lincoln,6766
MN,Lyon,24059
MN,Mahnomen,5044
MN,Marshall,11458
MN,Martin,23239
MN,Mcleod,32630
MN,Meeker,20877
MN,Mille Lacs,20424
MN,Morrison,30153
MN,Mower,37385
MN,Murray,8421
MN,Nicollet,27950
MN,Nobles,20201
MN,Norman,7568
MN,Olmsted,105505
MN,Otter Tail,49663
MN,Pennington,13197
MN,Pine,21817
MN,Pipestone,11058
MN,Polk,32905
MN,Pope,9777
MN,Ramsey,488228
MN,Red Lake,4525
MN,Redwood,18250
MN,Renville,17886
MN,Rice,49068
MN,Rock,9490
MN,Roseau,15047
MN,Saint Louis,194174
MN,Scott,54506
MN,Sherburne,37061
MN,Sibley,14366
MN,Stearns,129122
MN,Steele,30658
MN,Stevens,10634
MN,Swift,10388
MN,Todd,22577
MN,Traverse,4463
MN,Wabasha,18291
MN,Wadena,13851
MN,Waseca,17456
MN,Washington,146979
MN,Watonwan,11659
MN,Wilkin,7874
MN,Winona,46767
MN,Wright,68532
MN,Yellow Medicine,11513
MO,Adair,25179
MO,Andrew,12926
MO,Atchison,7457
MO,Audrain,22615
MO,Barry,28001
MO,Barton,10966
MO,Bates,16455
MO,Benton,13983
MO,Bollinger,10065
MO,Boone,112734
MO,Buchanan,84101
MO,Butler,38054
MO,Caldwell,8589
MO,Callaway,32175
MO,Camden,29473
MO,Cape Girardeau,59148
MO,Carroll,10539
MO,Carter,6788
MO,Cass,60381
MO,Cedar,12388
MO,Chariton,8702
MO,Christian,30894
MO,Clark,7547
MO,Clay,157416
MO,Clinton,16285
MO,Cole,64358
MO,Cooper,14835
MO,Crawford,19260
MO,Dade,8200
MO,Dallas,12646
MO,Daviess,9164
MO,Dekalb,10668
MO,Dent,14194
MO,Douglas,10565
MO,Dunklin,33204
MO,Franklin,85172
MO,Gasconade,14265
MO,Gentry,6848
MO,Greene,204290
MO,Grundy,10216
MO,Harrison,7970
MO,Henry,20135
MO,Hickory,7335
MO,Holt,5379
MO,Howard,9573
MO,Howell,32918
MO,Iron,11604
MO,Jackson,635478
MO,Jasper,104303
MO,Jefferson,149355
MO,Johnson,41769
MO,Knox,4482
MO,Laclede,25429
MO,Lafayette,31084
MO,Lawrence,27810
MO,Lewis,9802
MO,Lincoln,29421
MO,Linn,13830
MO,Livingston,13859
MO,Macon,15504
MO,Madison,11339
MO,Maries,6753
MO,Marion,27710
MO,Mcdonald,16068
MO,Mercer,3442
MO,Miller,17998
MO,Mississippi,14848
MO,Moniteau,12298
MO,Monroe,10555
MO,Montgomery,11355
MO,Morgan,15574
MO,New Madrid,21719
MO,Newton,32489
MO,Nodaway,21674
MO,Oregon,8823
MO,Osage,11221
MO,Ozark,7830
MO,Pemiscot,21212
MO,Perry,15324
MO,Pettis,35360
MO,Phelps,35793
MO,Pike,15283
MO,Platte,58164
MO,Polk,22210
MO,Pulaski,42462
MO,Putnam,4841
MO,Ralls,7040
MO,Randolph,25655
MO,Ray,17989
MO,Reynolds,6527
MO,Ripley,11252
MO,Saint Charles,212911
MO,Saint Clair,8457
MO,Saint Francois,51514
MO,Saint Louis,1020926
MO,Saint Louis City,386661
MO,Sainte Genevieve,12440
MO,Saline,23623
MO,Schuyler,3763
MO,Scotland,4822
MO,Scott,38964
MO,Shannon,7674
MO,Shelby,7022
MO,Stoddard,28804
MO,Stone,19078
MO,Sullivan,6476
MO,Taney,25487
MO,Texas,20285
MO,Vernon,17875
MO,Warren,19006
MO,Washington,19263
MO,Wayne,12022
MO,Webster,30590
MO,Worth,2475
MO,Wright,18491
MS,Adams,34738
MS,Alcorn,31724
MS,Amite,11160
MS,Attala,18175
MS,Benton,6492
MS,Bolivar,42592
MS,Calhoun,16513
MS,Carroll,10134
MS,Chickasaw,18886
MS,Choctaw,7855
MS,Claiborne,11036
MS,Clarke,17314
MS,Clay,21120
MS,Coahoma,30961
MS,Copiah,29308
MS,Covington,16527
MS,De Soto,66439
MS,Forrest,85224
MS,Franklin,8216
MS,George,17844
MS,Greene,8360
MS,Grenada,16273
MS,Hancock,26123
MS,Harrison,175723
MS,Hinds,255376
MS,Holmes,22714
MS,Humphreys,12134
MS,Issaquena,1909
MS,Itawamba,27441
MS,Jackson,106779
MS,Jasper,17119
MS,Jefferson,7574
MS,Jefferson Davis,14051
MS,Jones,60912
MS,Kemper,10445
MS,Lafayette,32718
MS,Lamar,15330
MS,Lauderdale,75556
MS,Lawrence,12458
MS,Leake,18428
MS,Lee,69862
MS,Leflore,36088
MS,Lincoln,28393
MS,Lowndes,57300
MS,Madison,52859
MS,Marion,25544
MS,Marshall,32774
MS,Monroe,34120
MS,Montgomery,15343
MS,Neshoba,29000
MS,Newton,16056
MS,Noxubee,12555
MS,Oktibbeha,37082
MS,Panola,33724
MS,Pearl River,40776
MS,Perry,12526
MS,Pike,39221
MS,Pontotoc,20121
MS,Prentiss,18604
MS,Quitman,8392
MS,Rankin,87161
MS,Scott,24139
MS,Sharkey,7066
MS,Simpson,23953
MS,Smith,14798
MS,Stone,10750
MS,Sunflower,32867
MS,Tallahatchie,15241
MS,Tate,19496
MS,Tippah,19841
MS,Tishomingo,17040
MS,Tunica,8365
MS,Union,21090
MS,Walthall,14352
MS,Warren,47880
MS,Washington,67922
MS,Wayne,19523
MS,Webster,10185
MS,Wilkinson,10455
MS,Winston,19160
MS,Yalobusha,14912
MS,Yazoo,25506
MT,Beaverhead,8424
MT,Big Horn,11337
MT,Blaine,5047
MT,Broadwater,3318
MT,Carbon,7952
MT,Carter,1503
MT,Cascade,77456
MT,Chouteau,5593
MT,Custer,11748
MT,Daniels,2266
MT,Dawson,9505
MT,Deer Lodge,10278
MT,Fallon,3103
MT,Fergus,12083
MT,Flathead,61079
MT,Gallatin,50484
MT,Garfield,1589
MT,Glacier,12220
MT,Golden Valley,912
MT,Granite,2521
MT,Hill,17654
MT,Jefferson,7933
MT,Judith Basin,2282
MT,Lake,19158
MT,Lewis And Clark,47500
MT,Liberty,2295
MT,Lincoln,17481
MT,Madison,5995
MT,Mccone,2276
MT,Meagher,1819
MT,Mineral,3672
MT,Missoula,77529
MT,Musselshell,4106
MT,Park,14593
MT,Petroleum,364
MT,Phillips,6844
MT,Pondera,6334
MT,Powder River,2039
MT,Powell,6620
MT,Prairie,1383
MT,Ravalli,25838
MT,Richland,10722
MT,Roosevelt,11000
MT,Rosebud,10505
MT,Sanders,8633
MT,Sheridan,4725
MT,Silver Bow,33941
MT,Stillwater,6794
MT,Sweet Grass,3154
MT,Teton,6360
MT,Toole,5046
MT,Treasure,874
MT,Valley,8239
MT,Wheatland,2246
MT,Wibaux,1191
MT,Yellowstone,113161
NC,Alamance,112788
NC,Alexander,26594
NC,Alleghany,8391
NC,Anson,24485
NC,Ashe,24098
NC,Avery,16699
NC,Beaufort,20558
NC,Bertie,20388
NC,Bladen,28666
NC,Brunswick,50985
NC,Buncombe,172573
NC,Burke,70550
NC,Cabarrus,112152
NC,Caldwell,69166
NC,Camden,5904
NC,Carteret,53269
NC,Caswell,15730
NC,Catawba,126042
NC,Chatham,32520
NC,Cherokee,19513
NC,Chowan,13135
NC,Clay,7812
NC,Cleveland,83553
NC,Columbus,49584
NC,Craven,81613
NC,Cumberland,274566
NC,Currituck,13736
NC,Dare,22746
NC,Davidson,111881
NC,Davie,28324
NC,Duplin,39995
NC,Durham,184236
NC,Edgecombe,52104
NC,Forsyth,276482
NC,Franklin,33076
NC,Gaston,177005
NC,Gates,9152
NC,Graham,7066
NC,Granville,38342
NC,Greene,14398
NC,Guilford,365970
NC,Halifax,56293
NC,Harnett,60206
NC,Haywood,46942
NC,Henderson,71533
NC,Hertford,22271
NC,Hoke,20742
NC,Hyde,4794
NC,Iredell,93581
NC,Jackson,26849
NC,Johnston,79123
NC,Jones,11363
NC,Lee,45088
NC,Lenoir,57274
NC,Lincoln,49570
NC,Macon,22076
NC,Madison,17167
NC,Martin,48058
NC,Mcdowell,35600
NC,Mecklenburg,511436
NC,Mitchell,14432
NC,Montgomery,22937
NC,Moore,58422
NC,Nash,76335
NC,New Hanover,120284
NC,Northampton,20968
NC,Onslow,148133
NC,Orange,91225
NC,Pamlico,11372
NC,Pasquotank,31298
NC,Pender,28611
NC,Perquimans,10971
NC,Person,29732
NC,Pitt,107580
NC,Polk,14416
NC,Randolph,97773
NC,Richmond,44006
NC,Robeson,107295
NC,Rockingham,86200
NC,Rowan,94802
NC,Rutherford,57003
NC,Sampson,47301
NC,Scotland,33758
NC,Stanly,52710
NC,Stokes,35449
NC,Surry,68247
NC,Swain,11265
NC,Transylvania,25520
NC,Tyrrell,3650
NC,Union,83210
NC,Vance,41926
NC,Wake,438399
NC,Warren,15889
NC,Washington,14107
NC,Watauga,34969
NC,Wayne,102515
NC,Wilkes,55344
NC,Wilson,67068
NC,Yadkin,30176
NC,Yancey,15206
ND,Adams,3174
ND,Barnes,12117
ND,Benson,7095
ND,Billings,1108
ND,Bottineau,7956
ND,Bowman,3596
ND,Burke,3002
ND,Burleigh,59473
ND,Cass,102477
ND,Cavalier,6069
ND,Dickey,5677
ND,Divide,2899
ND,Dunn,3705
ND,Eddy,2860
ND,Emmons,4830
ND,Foster,3983
ND,Golden Valley,2096
ND,Grand Forks,70574
ND,Grant,3074
ND,Griggs,3303
ND,Hettinger,3396
ND,Kidder,3332
ND,Lamoure,5463
ND,Logan,2759
ND,Mchenry,6885
ND,Mcintosh,4109
ND,Mckenzie,6383
ND,Mclean,10883
ND,Mercer,9808
ND,Morton,23502
ND,Mountrail,6887
ND,Nelson,4501
ND,Oliver,2381
ND,Pembina,9008
ND,Pierce,4918
ND,Ramsey,12560
ND,Ransom,6190
ND,Renville,2995
ND,Richland,18170
ND,Rolette,12772
ND,Sargent,4529
ND,Sheridan,1797
ND,Sioux,3761
ND,Slope,907
ND,Stark,23132
ND,Steele,2549
ND,Stutsman,22468
ND,Towner,3627
ND,Traill,8752
ND,Walsh,13743
ND,Ward,58130
ND,Wells,5535
ND,Williams,21129
NE,Adams,29328
NE,Antelope,8107
NE,Arthur,462
NE,Banner,852
NE,Blaine,688
NE,Boone,6667
NE,Box Butte,13183
NE,Boyd,2835
NE,Brown,3657
NE,Buffalo,37447
NE,Burt,7898
NE,Butler,8239
NE,Cass,21318
NE,Cedar,10456
NE,Chase,3768
NE,Cherry,6307
NE,Cheyenne,9494
NE,Clay,7231
NE,Colfax,9033
NE,Cuming,10117
NE,Custer,12270
NE,Dakota,17641
NE,Dawes,9021
NE,Dawson,19940
NE,Deuel,2237
NE,Dixon,5891
NE,Dodge,34438
NE,Douglas,416330
NE,Dundy,2582
NE,Fillmore,7103
NE,Franklin,3938
NE,Frontier,3096
NE,Furnas,5954
NE,Gage,22441
NE,Garden,2460
NE,Garfield,2141
NE,Gosper,1928
NE,Grant,769
NE,Greeley,3062
NE,Hall,48925
NE,Hamilton,8858
NE,Harlan,3320
NE,Hayes,1222
NE,Hitchcock,3750
NE,Holt,12918
NE,Hooker,793
NE,Howard,5839
NE,Jefferson,8575
NE,Johnson,4414
NE,Kearney,6629
NE,Keith,8584
NE,Keya Paha,1373
NE,Kimball,4108
NE,Knox,9146
NE,Lancaster,213308
NE,Lincoln,32552
NE,Logan,878
NE,Loup,683
NE,Madison,33683
NE,Mcpherson,546
NE,Merrick,8041
NE,Morrill,5423
NE,Nance,4471
NE,Nemaha,7667
NE,Nuckolls,5678
NE,Otoe,14252
NE,Pawnee,3317
NE,Perkins,3323
NE,Phelps,9715
NE,Pierce,6786
NE,Platte,29583
NE,Polk,5646
NE,Red Willow,11710
NE,Richardson,9937
NE,Rock,1675
NE,Saline,13048
NE,Sarpy,102697
NE,Saunders,18285
NE,Scotts Bluff,36022
NE,Seward,15450
NE,Sheridan,6724
NE,Sherman,3718
NE,Sioux,1525
NE,Stanton,6244
NE,Thayer,6819
NE,Thomas,838
NE,Thurston,6729
NE,Valley,5169
NE,Washington,16607
NE,Wayne,8622
NE,Webster,4279
NE,Wheeler,573
NE,York,14428
NH,Belknap,51909
NH,Carroll,39636
NH,Cheshire,70121
NH,Coos,34595
NH,Grafton,75151
NH,Hillsborough,336447
NH,Merrimack,117218
NH,Rockingham,245232
NH,Strafford,100351
NH,Sullivan,38592
NJ,Atlantic,222795
NJ,Bergen,825371
NJ,Burlington,388305
NJ,Camden,519397
NJ,Cape May,95522
NJ,Cumberland,144280
NJ,Essex,778232
NJ,Gloucester,217624
NJ,Hudson,553099
NJ,Hunterdon,105786
NJ,Mercer,334618
NJ,Middlesex,668075
NJ,Monmouth,563899
NJ,Morris,407910
NJ,Ocean,432816
NJ,Passaic,462298
NJ,Salem,58612
NJ,Somerset,205318
NJ,Sussex,132395
NJ,Union,517620
NJ,Warren,96216
NM,Bernalillo,477329
NM,Catron,2563
NM,Chaves,57849
NM,Cibola,23113
NM,Colfax,12925
NM,Curry,42207
NM,De Baca,2252
NM,Dona Ana,135510
NM,Eddy,48605
NM,Grant,27676
NM,Guadalupe,4090
NM,Harding,980
NM,Hidalgo,5958
NM,Lea,55765
NM,Lincoln,12219
NM,Los Alamos,18122
NM,Luna,18110
NM,Mckinley,61726
NM,Mora,4085
NM,Otero,51928
NM,Quay,10823
NM,Rio Arriba,35153
NM,Roosevelt,16702
NM,San Juan,89508
NM,San Miguel,25743
NM,Sandoval,62074
NM,Santa Fe,97850
NM,Sierra,9787
NM,Socorro,14455
NM,Taos,23118
NM,Torrance,10278
NM,Union,3984
NM,Valencia,47629
NV,Carson City,46140
NV,Churchill,17938
NV,Clark,741459
NV,Douglas,27571
NV,Elko,33530
NV,Esmeralda,1344
NV,Eureka,1547
NV,Humboldt,12844
NV,Lander,6266
NV,Lincoln,3775
NV,Lyon,17863
NV,Mineral,6475
NV,Nye,17781
NV,Pershing,4336
NV,Storey,2526
NV,Washoe,251174
NV,White Pine,9264
NY,Albany,274420
NY,Allegany,49887
NY,Bronx,1209548
NY,Broome,218445
NY,Cattaraugus,88037
NY,Cayuga,79722
NY,Chautauqua,144445
NY,Chemung,93834
NY,Chenango,52418
NY,Clinton,85202
NY,Columbia,60619
NY,Cortland,46168
NY,Delaware,42866
NY,Dutchess,262030
NY,Erie,955001
NY,Essex,34347
NY,Franklin,47795
NY,Fulton,50097
NY,Genesee,61167
NY,Greene,45362
NY,Hamilton,4676
NY,Herkimer,63899
NY,Jefferson,112297
NY,Kings,2300522
NY,Lewis,24661
NY,Livingston,63590
NY,Madison,62962
NY,Monroe,713416
NY,Montgomery,58338
NY,Nassau,1285060
NY,New York,1480383
NY,Niagara,229078
NY,Oneida,252210
NY,Onondaga,474369
NY,Ontario,90519
NY,Orange,308553
NY,Orleans,42164
NY,Oswego,123657
NY,Otsego,61579
NY,Putnam,83895
NY,Queens,1948015
NY,Rensselaer,155952
NY,Richmond,378977
NY,Rockland,265475
NY,Saint Lawrence,110114
NY,Saratoga,180875
NY,Schenectady,166389
NY,Schoharie,29627
NY,Schuyler,16229
NY,Seneca,31564
NY,Steuben,98869
NY,Suffolk,1321217
NY,Sullivan,70724
NY,Tioga,52651
NY,Tompkins,95424
NY,Ulster,163510
NY,Warren,59237
NY,Washington,58582
NY,Wayne,93565
NY,Westchester,875182
NY,Wyoming,41879
NY,Yates,24611
OH,Adams,28321
OH,Allen,106003
OH,Ashland,47322
OH,Ashtabula,100114
OH,Athens,66215
OH,Auglaize,53167
OH,Belmont,69961
OH,Brown,33208
OH,Butler,285707
OH,Carroll,18696
OH,Champaign,35388
OH,Clark,145968
OH,Clermont,161145
OH,Clinton,35933
OH,Columbiana,113677
OH,Coshocton,33815
OH,Crawford,48474
OH,Cuyahoga,1431220
OH,Darke,49588
OH,Defiance,39850
OH,Delaware,63521
OH,Erie,79825
OH,Fairfield,107054
OH,Fayette,25359
OH,Franklin,962480
OH,Fulton,44071
OH,Gallia,31810
OH,Geauga,65208
OH,Greene,131982
OH,Guernsey,39245
OH,Hamilton,861209
OH,Hancock,60085
OH,Hardin,32649
OH,Harrison,16637
OH,Henry,29673
OH,Highland,36154
OH,Hocking,24055
OH,Holmes,29743
OH,Huron,66849
OH,Jackson,28895
OH,Jefferson,82687
OH,Knox,48161
OH,Lake,213780
OH,Lawrence,61042
OH,Licking,121784
OH,Logan,45295
OH,Lorain,263370
OH,Lucas,452914
OH,Madison,41844
OH,Mahoning,264435
OH,Marion,63864
OH,Medina,119782
OH,Meigs,19829
OH,Mercer,39495
OH,Miami,96243
OH,Monroe,14560
OH,Montgomery,581141
OH,Morgan,11099
OH,Morrow,19814
OH,Muskingum,84192
OH,Noble,9418
OH,Ottawa,42965
OH,Paulding,18798
OH,Perry,35694
OH,Pickaway,50261
OH,Pike,22068
OH,Portage,134879
OH,Preble,40012
OH,Putnam,34892
OH,Richland,131050
OH,Ross,68762
OH,Sandusky,53728
OH,Scioto,82375
OH,Seneca,65789
OH,Shelby,42720
OH,Stark,367083
OH,Summit,531798
OH,Trumbull,218815
OH,Tuscarawas,90307
OH,Union,26741
OH,Van Wert,27195
OH,Vinton,9393
OH,Warren,113666
OH,Washington,64782
OH,Wayne,103833
OH,Williams,37829
OH,Wood,112003
OH,Wyandot,22641
OK,Adair,18421
OK,Alfalfa,6288
OK,Atoka,12022
OK,Beaver,5556
OK,Beckham,18924
OK,Blaine,11535
OK,Bryan,32089
OK,Caddo,30140
OK,Canadian,75555
OK,Carter,41461
OK,Cherokee,34049
OK,Choctaw,15557
OK,Cimarron,3163
OK,Cleveland,177981
OK,Coal,5731
OK,Comanche,111429
OK,Cotton,6651
OK,Craig,14372
OK,Creek,60960
OK,Custer,26897
OK,Delaware,22974
OK,Dewey,5720
OK,Ellis,4498
OK,Garfield,56725
OK,Garvin,24240
OK,Grady,41714
OK,Grant,5647
OK,Greer,6649
OK,Harmon,3793
OK,Harper,4063
OK,Haskell,10940
OK,Hughes,13023
OK,Jackson,28764
OK,Jefferson,7010
OK,Johnston,10032
OK,Kay,51314
OK,Kingfisher,11509
OK,Kiowa,11476
OK,Latimer,8033
OK,Le Flore,43825
OK,Lincoln,29216
OK,Logan,26990
OK,Love,8157
OK,Major,8006
OK,Marshall,10829
OK,Mayes,34372
OK,Mcclain,22097
OK,Mccurtain,33434
OK,Mcintosh,15676
OK,Murray,11841
OK,Muskogee,69178
OK,Noble,11045
OK,Nowata,10029
OK,Okfuskee,11038
OK,Oklahoma,598194
OK,Okmulgee,36456
OK,Osage,36972
OK,Ottawa,34642
OK,Pawnee,15572
OK,Payne,61507
OK,Pittsburg,39152
OK,Pontotoc,34363
OK,Pottawatomie,60592
OK,Pushmataha,12486
OK,Roger Mills,3775
OK,Rogers,49376
OK,Seminole,23342
OK,Sequoyah,33828
OK,Stephens,42088
OK,Texas,16557
OK,Tillman,10384
OK,Tulsa,514305
OK,Wagoner,43637
OK,Washington,48256
OK,Washita,11369
OK,Woods,8775
OK,Woodward,18976
OR,Baker,15160
OR,Benton,65360
OR,Clackamas,261036
OR,Clatsop,32344
OR,Columbia,38514
OR,Coos,60152
OR,Crook,13890
OR,Curry,19327
OR,Deschutes,75179
OR,Douglas,94648
OR,Gilliam,1717
OR,Grant,7853
OR,Harney,7217
OR,Hood River,16905
OR,Jackson,146227
OR,Jefferson,13703
OR,Josephine,62649
OR,Klamath,57864
OR,Lake,7186
OR,Lane,282908
OR,Lincoln,38539
OR,Linn,97161
OR,Malheur,26038
OR,Marion,231828
OR,Morrow,7625
OR,Multnomah,593868
OR,Polk,47833
OR,Sherman,1918
OR,Tillamook,21570
OR,Umatilla,59249
OR,Union,23598
OR,Wallowa,6911
OR,Wasco,21683
OR,Washington,317119
OR,Wheeler,1396
OR,Yamhill,66025
PA,Adams,74396
PA,Allegheny,1325721
PA,Armstrong,70757
PA,Beaver,177375
PA,Bedford,47944
PA,Berks,334099
PA,Blair,131925
PA,Bradford,60791
PA,Bucks,528766
PA,Butler,157901
PA,Cambria,163426
PA,Cameron,5913
PA,Carbon,57367
PA,Centre,122792
PA,Chester,348231
PA,Clarion,44658
PA,Clearfield,77608
PA,Clinton,36365
PA,Columbia,68986
PA,Crawford,86492
PA,Cumberland,209081
PA,Dauphin,236133
PA,Delaware,588896
PA,Elk,34578
PA,Erie,277870
PA,Fayette,160565
PA,Forest,4296
PA,Franklin,115067
PA,Fulton,13837
PA,Greene,41561
PA,Huntingdon,46959
PA,Indiana,86456
PA,Jefferson,46127
PA,Juniata,20572
PA,Lackawanna,214160
PA,Lancaster,423722
PA,Lawrence,105383
PA,Lebanon,115655
PA,Lehigh,270337
PA,Luzerne,324661
PA,Lycoming,117329
PA,Mckean,46206
PA,Mercer,117870
PA,Mifflin,40776
PA,Monroe,95606
PA,Montgomery,635324
PA,Montour,17269
PA,Northampton,272838
PA,Northumberland,97035
PA,Perry,42194
PA,Philadelphia,1610956
PA,Pike,29919
PA,Potter,17760
PA,Schuylkill,153778
PA,Snyder,37702
PA,Somerset,79092
PA,Sullivan,6104
PA,Susquehanna,38161
PA,Tioga,40800
PA,Union,38472
PA,Venango,55460
PA,Warren,43741
PA,Washington,202603
PA,Wayne,40757
PA,Westmoreland,368031
PA,Wyoming,29970
PA,York,335648
RI,Bristol,49009
RI,Kent,160893
RI,Newport,87044
RI,Providence,596270
RI,Washington,110002
SC,Abbeville,22044
SC,Aiken,122934
SC,Allendale,11528
SC,Anderson,129459
SC,Bamberg,16726
SC,Barnwell,20281
SC,Beaufort,82855
SC,Berkeley,103922
SC,Calhoun,11723
SC,Charleston,299896
SC,Cherokee,40242
SC,Chester,31955
SC,Chesterfield,38577
SC,Clarendon,27672
SC,Colleton,36247
SC,Darlington,60401
SC,Dillon,29109
SC,Dorchester,101739
SC,Edgefield,14325
SC,Fairfield,22297
SC,Florence,115810
SC,Georgetown,48647
SC,Greenville,348932
SC,Greenwood,61510
SC,Hampton,23172
SC,Horry,145337
SC,Jasper,13894
SC,Kershaw,44308
SC,Lancaster,57035
SC,Laurens,55501
SC,Lee,15291
SC,Lexington,163668
SC,Marion,32641
SC,Marlboro,29366
SC,Mccormick,8743
SC,Newberry,33996
SC,Oconee,57557
SC,Orangeburg,84803
SC,Pickens,94996
SC,Richland,289439
SC,Saluda,14649
SC,Spartanburg,219461
SC,Sumter,106510
SC,Union,29888
SC,Williamsburg,34423
SC,York,131386
SD,Aurora,2945
SD,Beadle,18220
SD,Bennett,3206
SD,Bon Homme,7089
SD,Brookings,24849
SD,Brown,35590
SD,Brule,5341
SD,Buffalo,1759
SD,Butte,7914
SD,Campbell,1870
SD,Charles Mix,9275
SD,Clark,4267
SD,Clay,14225
SD,Codington,22698
SD,Corson,4248
SD,Custer,6205
SD,Davison,17893
SD,Day,6943
SD,Deuel,4522
SD,Dewey,5470
SD,Douglas,3746
SD,Edmunds,4295
SD,Fall River,7327
SD,Faulk,2972
SD,Grant,8372
SD,Gregory,5359
SD,Haakon,2624
SD,Hamlin,4729
SD,Hand,3651
SD,Hanson,2394
SD,Harding,1746
SD,Hughes,14817
SD,Hutchinson,8090
SD,Hyde,1696
SD,Jackson,2811
SD,Jerauld,2430
SD,Jones,1324
SD,Kingsbury,6267
SD,Lake,10550
SD,Lawrence,20655
SD,Lincoln,14462
SD,Lyman,3638
SD,Marshall,4844
SD,Mccook,5889
SD,Mcpherson,3323
SD,Meade,25404
SD,Mellette,1923
SD,Miner,3272
SD,Minnehaha,122346
SD,Moody,6387
SD,Pennington,77458
SD,Perkins,3804
SD,Potter,3190
SD,Roberts,9914
SD,Sanborn,3023
SD,Shannon,9902
SD,Spink,8199
SD,Stanley,2453
SD,Sully,1589
SD,Todd,8358
SD,Tripp,6876
SD,Turner,8190
SD,Union,11154
SD,Walworth,6087
SD,Yankton,18528
SD,Ziebach,2220
TN,Anderson,62765
TN,Bedford,30879
TN,Benton,14524
TN,Bledsoe,7869
TN,Blount,85110
TN,Bradley,71454
TN,Campbell,34827
TN,Cannon,13216
TN,Carroll,27514
TN,Carter,43141
TN,Cheatham,23391
TN,Chester,11734
TN,Claiborne,26128
TN,Clay,5082
TN,Cocke,29141
TN,Coffee,44091
TN,Crockett,13378
TN,Cumberland,34254
TN,Davidson,525506
TN,Decatur,11468
TN,Dekalb,15232
TN,Dickson,35427
TN,Dyer,34887
TN,Fayette,32340
TN,Fentress,15662
TN,Franklin,31176
TN,Gibson,46391
TN,Giles,27466
TN,Grainger,17624
TN,Greene,55982
TN,Grundy,13312
TN,Hamblen,52657
TN,Hamilton,287460
TN,Hancock,6134
TN,Hardeman,23377
TN,Hardin,22455
TN,Hawkins,42363
TN,Haywood,19437
TN,Henderson,20452
TN,Henry,27888
TN,Hickman,17478
TN,Houston,7259
TN,Humphreys,15795
TN,Jackson,8536
TN,Jefferson,34135
TN,Johnson,15170
TN,Knox,341460
TN,Lake,6581
TN,Lauderdale,23491
TN,Lawrence,37419
TN,Lewis,8004
TN,Lincoln,27639
TN,Loudon,34434
TN,Macon,13548
TN,Madison,79641
TN,Marion,16065
TN,Marshall,21185
TN,Maury,56037
TN,Mcminn,41800
TN,Mcnairy,22422
TN,Meigs,11841
TN,Monroe,29924
TN,Montgomery,98182
TN,Moore,2888
TN,Morgan,17300
TN,Obion,32156
TN,Overton,16607
TN,Perry,6529
TN,Pickett,2898
TN,Polk,14236
TN,Putnam,55453
TN,Rhea,25544
TN,Roane,41268
TN,Robertson,44121
TN,Rutherford,101068
TN,Scott,18367
TN,Sequatchie,15934
TN,Sevier,50397
TN,Shelby,819490
TN,Smith,15164
TN,Stewart,9464
TN,Sullivan,145781
TN,Sumner,95936
TN,Tipton,37627
TN,Trousdale,5511
TN,Unicoi,16539
TN,Union,13957
TN,Van Buren,3954
TN,Warren,34721
TN,Washington,99166
TN,Wayne,12548
TN,Weakley,31972
TN,White,20507
TN,Williamson,96242
TN,Wilson,61794
TX,Anderson,50077
TX,Andrews,14338
TX,Angelina,69884
TX,Aransas,16944
TX,Archer,6728
TX,Armstrong,2021
TX,Atascosa,30692
TX,Austin,22662
TX,Bailey,7064
TX,Bandera,10562
TX,Bastrop,39033
TX,Baylor,4208
TX,Bee,25323
TX,Bell,207607
TX,Bexar,1179613
TX,Blanco,5972
TX,Borden,799
TX,Bosque,15125
TX,Bowie,81665
TX,Brazoria,196358
TX,Brazos,121647
TX,Brewster,8681
TX,Briscoe,1971
TX,Brooks,8204
TX,Brown,34371
TX,Burleson,13625
TX,Burnet,24219
TX,Caldwell,26998
TX,Calhoun,17597
TX,Callahan,11859
TX,Cameron,260120
TX,Camp,14117
TX,Carson,6576
TX,Cass,32299
TX,Castro,9070
TX,Chambers,11990
TX,Cherokee,35266
TX,Childress,5932
TX,Clay,10024
TX,Cochran,4377
TX,Coke,3162
TX,Coleman,9710
TX,Collin,215774
TX,Collingsworth,3594
TX,Colorado,16135
TX,Comal,57325
TX,Comanche,13381
TX,Concho,3044
TX,Cooke,30808
TX,Coryell,45924
TX,Cottle,2260
TX,Crane,4652
TX,Crockett,4076
TX,Crosby,7304
TX,Culberson,3090
TX,Dallam,7723
TX,Dallas,1919537
TX,Dawson,14357
TX,De Witt,14823
TX,Deaf Smith,19090
TX,Delta,4857
TX,Denton,278790
TX,Dickens,2568
TX,Dimmit,10433
TX,Donley,3696
TX,Duval,12918
TX,Eastland,18568
TX,Ector,118934
TX,Edwards,2284
TX,El Paso,591610
TX,Ellis,87542
TX,Erath,26525
TX,Falls,17784
TX,Fannin,24804
TX,Fayette,21675
TX,Fisher,4294
TX,Floyd,8497
TX,Foard,1794
TX,Fort Bend,193854
TX,Franklin,9909
TX,Freestone,14073
TX,Frio,13472
TX,Gaines,14123
TX,Galveston,245286
TX,Garza,5143
TX,Gillespie,17204
TX,Glasscock,1447
TX,Goliad,5980
TX,Gonzales,17222
TX,Gray,23967
TX,Grayson,95021
TX,Gregg,129437
TX,Grimes,19043
TX,Guadalupe,56037
TX,Hale,35266
TX,Hall,3905
TX,Hamilton,7736
TX,Hansford,5848
TX,Hardeman,5283
TX,Hardin,41320
TX,Harris,2824451
TX,Harrison,48504
TX,Hartley,1372
TX,Haskell,6583
TX,Hays,66865
TX,Hemphill,3720
TX,Henderson,39319
TX,Hidalgo,383541
TX,Hill,27146
TX,Hockley,24199
TX,Hood,28981
TX,Hopkins,28831
TX,Houston,21836
TX,Howard,32343
TX,Hudspeth,3232
TX,Hunt,64351
TX,Hutchinson,25689
TX,Irion,1629
TX,Jack,6798
TX,Jackson,14495
TX,Jasper,29014
TX,Jeff Davis,1946
TX,Jefferson,238016
TX,Jim Hogg,5112
TX,Jim Wells,38735
TX,Johnson,103005
TX,Jones,16825
TX,Karnes,12455
TX,Kaufman,69769
TX,Kendall,18694
TX,Kenedy,460
TX,Kent,840
TX,Kerr,36307
TX,Kimble,4095
TX,King,344
TX,Kinney,3119
TX,Kleberg,30274
TX,Knox,4302
TX,La Salle,5266
TX,Lamar,43949
TX,Lamb,15072
TX,Lampasas,12798
TX,Lavaca,22707
TX,Lee,11864
TX,Leon,14976
TX,Liberty,55994
TX,Limestone,20500
TX,Lipscomb,3143
TX,Live Oak,7679
TX,Llano,10295
TX,Loving,107
TX,Lubbock,221729
TX,Lynn,6758
TX,Madison,10941
TX,Marion,8460
TX,Martin,4948
TX,Mason,3391
TX,Matagorda,36924
TX,Maverick,36378
TX,Mcculloch,8925
TX,Mclennan,191542
TX,Mcmullen,805
TX,Medina,27341
TX,Menard,2252
TX,Midland,106611
TX,Milam,22946
TX,Mills,4531
TX,Mitchell,8016
TX,Montague,17274
TX,Montgomery,181725
TX,Moore,17865
TX,Morris,12735
TX,Motley,1532
TX,Nacogdoches,54753
TX,Navarro,37984
TX,Newton,13978
TX,Nolan,17306
TX,Nueces,291123
TX,Ochiltree,9128
TX,Oldham,2341
TX,Orange,80515
TX,Palo Pinto,29964
TX,Panola,22046
TX,Parker,55928
TX,Parmer,9863
TX,Pecos,14677
TX,Polk,30689
TX,Potter,102920
TX,Presidio,6637
TX,Rains,6715
TX,Randall,84627
TX,Reagan,4514
TX,Real,2412
TX,Red River,14317
TX,Reeves,15852
TX,Refugio,7982
TX,Roberts,1025
TX,Robertson,15511
TX,Rockwall,22971
TX,Runnels,11294
TX,Rusk,36749
TX,Sabine,11451
TX,San Augustine,7702
TX,San Jacinto,15980
TX,San Patricio,60346
TX,San Saba,5253
TX,Schleicher,2990
TX,Scurry,18804
TX,Shackelford,3316
TX,Shelby,22034
TX,Sherman,2858
TX,Smith,154494
TX,Somervell,5360
TX,Starr,40515
TX,Stephens,8930
TX,Sterling,1438
TX,Stonewall,1855
TX,Sutton,4135
TX,Swisher,8133
TX,Tarrant,1146678
TX,Taylor,119655
TX,Terrell,1410
TX,Terry,13188
TX,Throckmorton,1435
TX,Titus,20884
TX,Tom Green,98458
TX,Travis,573977
TX,Trinity,11435
TX,Tyler,16646
TX,Upshur,21197
TX,Upton,4447
TX,Uvalde,23340
TX,Val Verde,38730
TX,Van Zandt,37422
TX,Victoria,74361
TX,Walker,50856
TX,Waller,21386
TX,Ward,13115
TX,Washington,26154
TX,Webb,133239
TX,Wharton,40096
TX,Wheeler,5879
TX,Wichita,115172
TX,Wilbarger,15121
TX,Willacy,17709
TX,Williamson,143725
TX,Wilson,23175
TX,Winkler,8626
TX,Wise,34628
TX,Wood,30093
TX,Yoakum,8816
TX,Young,18126
TX,Zapata,9279
TX,Zavala,12162
UT,Beaver,4765
UT,Box Elder,36485
UT,Cache,70183
UT,Carbon,20228
UT,Daggett,690
UT,Davis,187921
UT,Duchesne,12585
UT,Emery,10405
UT,Garfield,3931
UT,Grand,6547
UT,Iron,20789
UT,Juab,5626
UT,Kane,5169
UT,Millard,11333
UT,Morgan,5528
UT,Piute,1277
UT,Rich,1725
UT,Salt Lake,725956
UT,San Juan,12621
UT,Sanpete,16297
UT,Sevier,15431
UT,Summit,15518
UT,Tooele,26792
UT,Uintah,21422
UT,Utah,263242
UT,Wasatch,10399
UT,Washington,48560
UT,Wayne,2226
UT,Weber,158350
VA,Accomack,31703
VA,Albemarle,85325
VA,Alexandria City,108385
VA,Amelia,8319
VA,Amherst,27782
VA,Appomattox,12074
VA,Arlington,171441
VA,Augusta,33535
VA,Bath,5202
VA,Bedford,35771
VA,Bedford City,16245
VA,Bland,6260
VA,Botetourt,45986
VA,Bristol,23166
VA,Brunswick,15539
VA,Buchanan,29431
VA,Buckingham,10046
VA,Buena Vista City,8464
VA,Campbell,29574
VA,Caroline,18291
VA,Carroll,18571
VA,Charles City,4216
VA,Charlotte,12659
VA,Charlottesville City,25301
VA,Chesapeake City,151906
VA,Chesterfield,209421
VA,Clarke,12101
VA,Clifton Forge City,7486
VA,Colonial Heights City,21056
VA,Covington City,16958
VA,Craig,3553
VA,Culpeper,30614
VA,Cumberland,4572
VA,Danville City,65812
VA,Dickenson,15919
VA,Dinwiddie,13267
VA,Emporia City,13950
VA,Essex,8334
VA,Fairfax,626360
VA,Fairfax City,54789
VA,Falls Church City,14864
VA,Fauquier,11333
VA,Floyd,10917
VA,Fluvanna,10117
VA,Franklin,36434
VA,Franklin City,12786
VA,Frederick,22131
VA,Fredericksburg City,19027
VA,Galax City,17442
VA,Giles,17195
VA,Gloucester,28949
VA,Goochland,15284
VA,Grayson,12636
VA,Greene,10444
VA,Greensville,196
VA,Halifax,36170
VA,Hampton City,145345
VA,Hanover,65054
VA,Harrisonburg City,42027
VA,Henrico,218857
VA,Henry,38434
VA,Highland,2443
VA,Hopewell City,25764
VA,Isle Of Wight,23587
VA,James City,52518
VA,King And Queen,4282
VA,King George,10597
VA,King William,10254
VA,Lancaster,10892
VA,Lee,22622
VA,Lexington City,14306
VA,Louisa,16982
VA,Lunenburg,8859
VA,Lynchburg City,84724
VA,Madison,9318
VA,Martinsville City,35994
VA,Mathews,5883
VA,Mecklenburg,28005
VA,Middlesex,9419
VA,Montgomery,69910
VA,Nelson,14947
VA,New Kent,13483
VA,Newport News City,170048
VA,Norfolk City,261258
VA,Northampton,13061
VA,Northumberland,10528
VA,Norton City,4145
VA,Nottoway,15667
VA,Orange,24046
VA,Page,21334
VA,Patrick,16005
VA,Petersburg City,58204
VA,Pittsylvania,42421
VA,Poquoson City,11005
VA,Portsmouth City,103948
VA,Powhatan,14488
VA,Prince Edward,19985
VA,Prince George,21468
VA,Prince William,148613
VA,Pulaski,29320
VA,Radford,22335
VA,Rappahannock,6719
VA,Richmond,7273
VA,Richmond City,189571
VA,Roanoke,53549
VA,Roanoke City,103148
VA,Rockbridge,10209
VA,Rockingham,48726
VA,Russell,29528
VA,Salem,30570
VA,Scott,23312
VA,Shenandoah,32856
VA,Smyth,32130
VA,Southampton,12780
VA,Spotsylvania,56376
VA,Stafford,64166
VA,Staunton City,34323
VA,Suffolk City,52141
VA,Surry,5537
VA,Sussex,12941
VA,Tazewell,44971
VA,Virginia Beach City,393069
VA,Warren,24970
VA,Washington,40088
VA,Waynesboro City,26450
VA,Westmoreland,15480
VA,Winchester City,45537
VA,Wise,43156
VA,Wythe,27965
VA,York,23220
VT,Addison,33488
VT,Bennington,35760
VT,Caledonia,27464
VT,Chittenden,132821
VT,Essex,6610
VT,Franklin,36880
VT,Grand Isle,5318
VT,Lamoille,20859
VT,Orange,25344
VT,Orleans,24195
VT,Rutland,61932
VT,Washington,55989
VT,Windham,41789
VT,Windsor,54309
WA,Adams,16556
WA,Asotin,17605
WA,Benton,112560
WA,Chelan,52250
WA,Clallam,57214
WA,Clark,238358
WA,Columbia,3373
WA,Cowlitz,83682
WA,Douglas,26205
WA,Ferry,6295
WA,Franklin,39827
WA,Garfield,2467
WA,Grant,52415
WA,Grays Harbor,67059
WA,Island,54162
WA,Jefferson,19243
WA,King,1520410
WA,Kitsap,189731
WA,Kittitas,26725
WA,Klickitat,16669
WA,Lewis,59358
WA,Lincoln,9058
WA,Mason,35610
WA,Okanogan,33350
WA,Pacific,19246
WA,Pend Oreille,8754
WA,Pierce,585781
WA,San Juan,9943
WA,Skagit,78956
WA,Skamania,6373
WA,Snohomish,460448
WA,Spokane,364174
WA,Stevens,28074
WA,Thurston,161238
WA,Wahkiakum,2963
WA,Walla Walla,45907
WA,Whatcom,127029
WA,Whitman,38806
WA,Yakima,188818
WI,Adams,10690
WI,Ashland,18268
WI,Barron,40140
WI,Bayfield,11784
WI,Brown,195272
WI,Buffalo,14135
WI,Burnett,11480
WI,Calumet,21982
WI,Chippewa,49766
WI,Clark,33777
WI,Columbia,50784
WI,Crawford,16141
WI,Dane,364735
WI,Dodge,68418
WI,Door,25522
WI,Douglas,42282
WI,Dunn,36686
WI,Eau Claire,84593
WI,Florence,3528
WI,Fond Du Lac,86273
WI,Forest,8543
WI,Grant,55073
WI,Green,30938
WI,Green Lake,18966
WI,Iowa,18922
WI,Iron,5810
WI,Jackson,15078
WI,Jefferson,72198
WI,Juneau,23516
WI,Kenosha,124822
WI,Kewaunee,18903
WI,La Crosse,97012
WI,Lafayette,14409
WI,Langlade,19029
WI,Lincoln,29374
WI,Manitowoc,78794
WI,Marathon,109754
WI,Marinette,43184
WI,Marquette,12852
WI,Menominee,3602
WI,Milwaukee,959275
WI,Monroe,36477
WI,Oconto,29261
WI,Oneida,32818
WI,Outagamie,153102
WI,Ozaukee,74936
WI,Pepin,6783
WI,Pierce,37252
WI,Polk,32376
WI,Portage,60348
WI,Price,15387
WI,Racine,181390
WI,Richland,14108
WI,Rock,138368
WI,Rusk,15228
WI,Saint Croix,48530
WI,Sauk,46249
WI,Sawyer,14612
WI,Shawano,32208
WI,Sheboygan,103243
WI,Taylor,16741
WI,Trempealeau,28930
WI,Vernon,25640
WI,Vilas,15734
WI,Walworth,76279
WI,Washburn,15455
WI,Washington,95986
WI,Waukesha,306766
WI,Waupaca,52428
WI,Waushara,17832
WI,Winnebago,138507
WI,Wood,80564
WV,Barbour,15474
WV,Berkeley,60189
WV,Boone,24172
WV,Braxton,12452
WV,Brooke,23057
WV,Cabell,105698
WV,Calhoun,7273
WV,Clay,9490
WV,Doddridge,4072
WV,Fayette,48234
WV,Gilmer,5598
WV,Grant,9847
WV,Greenbrier,37253
WV,Hampshire,14387
WV,Hancock,39168
WV,Hardy,10810
WV,Harrison,71686
WV,Jackson,24712
WV,Jefferson,35926
WV,Kanawha,209635
WV,Lewis,18457
WV,Lincoln,21427
WV,Logan,43655
WV,Marion,59306
WV,Marshall,36034
WV,Mason,26515
WV,Mcdowell,29467
WV,Mercer,65261
WV,Mineral,26421
WV,Mingo,34773
WV,Monongalia,73621
WV,Monroe,10840
WV,Morgan,12023
WV,Nicholas,26035
WV,Ohio,53161
WV,Pendleton,7426
WV,Pleasants,7085
WV,Pocahontas,8929
WV,Preston,28432
WV,Putnam,39245
WV,Raleigh,76787
WV,Randolph,29185
WV,Ritchie,9943
WV,Roane,14751
WV,Summers,11929
WV,Taylor,13866
WV,Tucker,6423
WV,Tyler,8196
WV,Upshur,21844
WV,Wayne,29779
WV,Webster,10177
WV,Wetzel,19199
WV,Wirt,4467
WV,Wood,88073
WV,Wyoming,28014
WY,Albany,30737
WY,Big Horn,10525
WY,Campbell,29370
WY,Carbon,16580
WY,Converse,11128
WY,Crook,5237
WY,Fremont,33662
WY,Goshen,12373
WY,Hot Springs,4809
WY,Johnson,6145
WY,Laramie,73142
WY,Lincoln,12625
WY,Natrona,61226
WY,Niobrara,2290
WY,Park,23260
WY,Platte,8145
WY,Sheridan,23562
WY,Sublette,4843
WY,Sweetwater,38823
WY,Teton,11090
WY,Uinta,18705
WY,Washakie,8388
WY,Weston,6518
,,
"Sep 25, 2014 6:58 AM",,
